{"lightmapCount":1,"objects":{"Cube2":{"lightmapIndex":0,"lightmapScaleOffset":[0.14855992794036865,0.14855992794036865,0.62635058164596558,-0.000602524378336966]},"Cylinder2":{"lightmapIndex":0,"lightmapScaleOffset":[0.13638587296009064,0.13638587296009064,0.48963963985443115,-0.00035462790401652455]},"Plane2":{"lightmapIndex":0,"lightmapScaleOffset":[0.48828125,0.48828125,0.0,0.0]},"Sphere2":{"lightmapIndex":0,"lightmapScaleOffset":[0.10546871274709702,0.10546871274709702,0.490234375,0.1376953125]}}}