{"lightmapCount":1,"objects":{"default":{"lightmapIndex":0,"lightmapScaleOffset":[0.087428458034992218,0.087428458034992218,0.4898928701877594,0.20766629278659821]},"Plane":{"lightmapIndex":0,"lightmapScaleOffset":[0.48828125,0.48828125,0.0,0.0]},"Sphere":{"lightmapIndex":0,"lightmapScaleOffset":[0.10546871274709702,0.10546871274709702,0.490234375,0.1376953125]},"Cube":{"lightmapIndex":0,"lightmapScaleOffset":[0.14855992794036865,0.14855992794036865,0.62635058164596558,-0.000602524378336966]},"Cylinder":{"lightmapIndex":0,"lightmapScaleOffset":[0.13638587296009064,0.13638587296009064,0.48963963985443115,-0.00035462790401652455]}}}